UID,generated_keywords
B1xSperKvH,Neural Networks|artificial Neural Network|STDB
SJlbGJrtDB,Dynamic Sparse Training|Trainable Masked Layers
HkgxW0EYDS,scalable Model Compression|network parameter|parameter representation|Entropy Penalized Reparameterization
HJeiDpVFPr,inductive Bias|Neural Nets|Triangle Inequality
r1egIyBFPS,symbolic expression|formation action|HISS|LSTM encoder
rkgO66VKDS,high accuracy|3-
SJl5Np4tPr,feature distribution|CUB
r1lGO0EKDH,level Spectral Approach|Scalable Graph Embedding|euclidean datum
H1emfT4twB,level pattern|strong performance|computer vision|lexical feature
HJxNAnVtDS,Federated Averaging|Stochastic Gradient Descent|SGD
H1ezFREtwH,Agnostic Policies|Deep Reinforcement
HkgB2TNYPS,shot learning|Prototypical Networks
HJgJtT4tvB,Reading comprehension Dataset|Logical Reasoning|HARD
Bke61krFvS,FA algorithm|FA method|FA variant|physical brain
BkgXHTNtvS,Guaranteed Existence|Shallow relu Networks|positive curvature|training set
SJezGp4YPr,td learning|Geometric Insights|Nonlinear TD Learning|nonlinear ODE
Byx4NkrtDS,
SkgpBJrtvS,teacher network|Contrastive Representation Distillation|KL divergence
S1gEIerYwH,Data distribution|cifar-10
BylEqnVFDB,Curvature Graph Network|denser one
Hye1kTVFDS,privileged input|Stochastic evaluation|Information Budget
HJgzt2VKPB,Compositional Actions|TEmporal Reasoning
rJgBd2NYPH,
BJxI5gHKDr,ensembling method|Domain Uncertainty Estimation|domain uncertainty|Deep Learning
SkeHuCVFDr,common metric|token similarity|similarity score|candidate sentence
Bkeb7lHtvH,Minima Selection
B1l6y0VFPr,Identity Crisis|identity function|CNN bias|Extreme Overparameterization
SygcCnNKwr,comprehensive method|novel method|compound divergence|Realistic Data
ryg48p4tPH,Action Semantics Network|ASN|DRL|Neural MMO
rke7geHtwH,Behavior Modelling Priors|Offline Reinforcement Learning|ABM
SJxE8erKDH,domain task|Latent Normalizing|image captioning|image synthesis
H1eA7AEtvS,lite bert|Language Representations|GPU|GLUE
BJxg_hVtwH,structured Graph|Conditional Random Fields|level representation
Skx82ySYPH,Neural Outlier Rejection|SLAM algorithm|IO
SyxhVkrYvr,verified Robustness|Text deletion intervention|Natural Language Processing
HJgCF0VFwr,Lossless Compression|computational resource|numerous scenario|performance level
ryxB2lBtvH,Manipulation skill|complex task|multiple end|body part
HJloElBYvB,Information Bottleneck|IB objective|X|CCA
S1xWh1rYwB,Attribution method|input sample|Information Bottlenecks|ResNet-50
H1eqQeHFDS,lagrangian Fluidic Reservoir
BJeKh3VYDH,Tranquil Clouds|Neural Networks|Temporally Coherent Features|lagrangian representation
SygpC6Ntvr,PCA
H1xFWgrFPS,
ByxxgCEYDS,Inductive Graph|Matrix Completion|Graph Neural Networks|IGMC
ryxK0JBtPr,neural network|Quantization Robustness|\ell_1$-norm|CIFAR-10
HJxdTxHYvB,certifiable defense|imperceptible adversarial example|adversarial attack|imperceptibility property
Hkg-xgrYvH,task learning|variational posterior|CIFAR
HylAoJSKvH,STP|SMTP|SMTP_IS
B1eWbxStPH,Molecular Graphs|MD17|QM9
HkxlcnVFwB,Generalized Offline Estimation|Markov chain|Stationary Values
SJexHkSFPS,previous action|time evolution|system delay|Concurrent Control
S1l-C0NtwS,lingual Alignment|Comparative Study|BLI
SkxgnnNFvH,accurate multi|sentence scoring
r1gfQgSFDr,Adversarial Networks|GAN|TTS|MOS
ryl3ygHYDB,coined lookahead pruning|simple pruning method|simple method|neural network
SJlsFpVtDB,continual learning|Bayesian Neural Networks|raw datum|Bayesian forgetting
rJxlc0EtDr,MEMO|Deep Network|Flexible Combination|Episodic Memories
ByxGkySKwH,relu network|neural network|training datum|distribution detection
H1ebhnEYDH,Neural Networks|MNIST
S1g6xeSKDS,
H1lhqpEYPr,critic algorithm|field Markov game|time mean|Quadratic Mean
H1gX8C4YPr,DD|PPO|Perfect PointGoal Navigators
rygFWAEFwS,Stochastic Weight Averaging|batch training|large mini|training time
r1genAVKPB,Good Representation Sufficient|Sample Efficient Reinforcement
HJlWWJSFDH,ROC|AUC
HklOo0VFDH,dynamic programming|Recurrent Autoregressive Models|SWAG
r1laNeBYPB,Graph neural network|Graph Networks|new network|deep model
Bkxv90EKPB,Bayesian Meta Sampling|NIAF
SJgVU0EKwS,precision gating|PG|Neural Network Efficiency|Dynamic Dual
HJedXaEtvS,wide range|Editable Training
B1l4SgHKDH,Residual Energy|NLP task|BERT
BJg866NFvB,CRN|Counterfactual Recurrent Network
ByedzkrKvH,Imperfect Information Games|IIG|MCCFR
rJxe3xSYDS,Extreme Classification|Adversarial Softmax Approximation|class C
HygDF6NFPB,Graph Neural Networks|Graph Classification|Fair Comparison
B1eB5xSFvr,Physical Simulation|CUDA version
rkxNh1Stvr,Neural Networks|standard NN|Quantifying Point|Prediction Uncertainty
r1lPleBFvH,MNIST|CIFAR10
H1xscnEKDr,realizable attack|PGD attack|image classification|adversarial training
BJlguT4YPr,scalable Neural Methods|reified KB|KB completion|matrix implementation
rklHqRVKvH,Matrix Estimation
HklXn1BKDH,SLAM module|3d environment|CVPR
ByxT7TNFvH,Supervised Monocular Depth
rkgz2aEKDr,Rectified Adam
S1xCPJHtDB,
rJxtgJBKDr,Lifelong Learning
BkgXT24tDS,Additive Powers|APoT quantization|efficient non|uniform discretization
SklKcRNYDH,memory Preconditioning|memory consumption|\emph{extreme tensoring|efficient optimizer
H1laeJrKDB,latent space
SkgsACVKPH,Gradient Flow
HJe_yR4Fwr,layer margin|Improved Sample complexity|Deep Neural Networks|deep model
S1lEX04tPr,goal multi|cooperative multi|agent Reinforcement Learning|CM3
BJgWE1SFwS,PCMC
Byg-wJSYDS,Model Performance
rJxGLlBtwH,emergent communication
H1gDNyrKDS,Differentiable Architecture Search
H1gB4RVKvB,tilt illusion|M√©ly et al|ùú∏-net
Byl8hhNYPS,Multi30 K
HJeT3yrtDr,lingual ability|lingual objective|lingual success|multilingual BERT
H1lmhaVtvr,Unsupervised Skill Discovery
HklUCCVKDB,Continual Learning
rke2P1BFwS,Tensor Decompositions|B. Obama
HJeTo2VFwH,Neural Networks
SJlpYJBKvH,Reinforcement Learning Algorithms
SJg7KhVKPH,Transformer model|sequence model|adaptive Transformer|art sequence
rkeu30EtvS,Network Deconvolution|Convolutional Neural Networks|MNIST
HJxK5pEYvr,structured attention|Hierarchical Accumulation|german task|Transformer struggle
SJg5J6NtDr,demonstration datum|reinforcement learning|complex vision|complex behavior
HkxTwkrKDB,
BJeAHkrYDS,VISR
B1guLAVFDB,input Obfuscation
BJeKwTNFvB,
rJlnOhVYPS,mutual Mean|target domain|ID model|Pseudo Label Refinery
SkgKO0EtvS,Graph Neural Networks|Neural Execution|Graph Algorithms|art GNN
S1gSj0NKvB,neural network|unpruned weight|weight rewinding|final value
BJxkOlSYDH,efficient Neural Networks|datum set
S1exA2NtDB,ES method|MAML|simple Hessian|free Meta Learning
Skgvy64tvr,WTA network|WTA activation|Adversarial defense|adversarial attack
HJezF3VYPB,
rklr9kHFDB,V1 neuron
rkevSgrtPr,UAP|X|O(Œµ^{-n
rJleKgrKwS,knowledge graph|Neural LP
H1gfFaEYDS,Smooth Encoders|classical Variational Auto|ELBO|VAE
HylxE1HKwS,efficient Deployment|CPU
HJxMYANtPH,Neural Networks|MNIST
ByxaUgrFvH,MI|mi setting|MIGE
rkg1ngrFPr,Information Geometry|Orthogonal Initializations
rJeIcTNtvS,resource knowledge|resource setting|training datum
rklB76EKPr,standard gradient|optimisation lens|deep network|local minimum
rJxAo2VYwr,transferable perturbation|CNN classifier|CNN architecture
SJxrKgStDH,SCALOR|Generative World Models|Scalable Object Representations|scalable Object
HylsTT4FvB,
HyeaSkrYPH,Adversarial Patches|box adversary|https://github.com/ping-c/certifiedpatchdefense
rklEj2EFvB,unbiased estimator|different estimator|duplicate sample|control variate
BJlZ5ySKPH,image translation|unsupervised image|Instance normalization|adaptive Layer
BkeoaeHKDS,deep network|different task|Deep Representation|efficient adaption
B1g5sA4twr,deep double descent|generalized double descent|model size|big Models
HyxyIgHFvr,neural network|common assumption|empirical investigation|widespread existence
r1lZgyBYwS,lossless compression|compression result|large photograph|striking observation
B1elCp4KwH,
rkgHY0NYwr,Discovering Motor Programs|original demonstration|current approach|Recomposing Demonstrations
r1lF_CEYwS,ML algorithm|adversarial example|Aware Generative Models|Based Defenses
HJl8_eHYvS,
rkeIq2VYPr,Determinantal Point Processes|proper Spectral Sub
HJgExaVtwr,
SJgmR0NKPr,recurrent neural network|Explicit state variable
BJe55gBtvH,Deep Neural network
Skgxcn4YDS,LAMOL|previous task|new task|model capacity
rylmoxrFDH,critical initialisation|continuous approximation|Markov chain
HJx8HANFDH,Batch Normalization|Group Normalization|Oxford Flowers-102|CIFAR-100
S1glGANtDr,Robust Bias Reduction|challenging task|Policy Estimation
B1e9Y2NYvS,
Hygab1rKDS,QCNN
Hke3gyHYwH,NTK
B1x1ma4tDr,DDSP enable
B1e3OlStPB,graph representation|spherical CNN|rotation equivariance|delicate tradeoff
S1g7tpEYDS,variational Autoencoders|gaussian VAE
SJx9ngStPH,NAS method|general framework|Bench-1Shot1|Bench-101
HJxyZkBKDr,Bench-201
H1gNOeHKPS,neural arithmetic Units|Neural Addition Unit|Neural Multiplication Unit|NMU
S1eRbANtDB,
Bkl7bREtDr,Reinforcement Learning|Aggregated Memory|RL|NLP
rJe2syrtvS,real world|reinforcement learning|continuous learning|laboratory scenario
SklkDkSFPB,Block Substitution|Network Compression|CIFAR-10|COCO
BJgqQ6NYvB,fast real|NAS
SylL0krYPS,deep Reinforcement|Continuous Control
SJeYe0NtvH,neural text generation|Unlikelihood Training
SJgMK64Ywr,Neural Connectivity|Video Architectures|RGB
SkgGCkrKvH,Arbitrary Communication Compression|SGD
rJl31TNYPr,Multiple Object tracking|MOT|Adversarial Examples
ryloogSKDS,Bingham Loss|uncertain estimate|Bingham distribution|motion estimation
BJewlyStDr,Arcade Learning Environment
BkxpMTEtPB,GLAD|Sparse Graph Recovery|Alternating Minimization|SPD
r1xGP6VYwH,optimistic Exploration|OPIQ
SJxZnR4YvB,distributed bandit|bandit learning|armed bandit|linear bandit
ByglLlHFDS,Expected Information Maximization|Mixture Density Estimation|EIM|m(oment)-projection
rkem91rtDB,Graph Structured|Embedding Distributions
Skl4mRNYDr,Deep Imitative Models|IL|Flexible Inference|imitation learning
rylXBkrYDS,shot image classification|shot class|shot accuracy|shot episode
rkgMkCEtPB,MAML|Model Agnostic Meta|ANIL
SJeLopEYDH,4D convolution|temporal representation|level Representation|3d spatio
SJeNz04tDS,model training|NLP model|model partitioning|learning objective
ryxgJTEYDr,hierarchical reinforcement learning|level meta|Constrained Primitives|complex environment
rygf-kSYwH,Behaviour Suite|RL
ryxyCeHtPB,resnet-101|AFDS|Stanford Dogs
H1eCw3EKvH,Reinforcement learning|MT|RL practice|machine translation
SJxIm0VtwH,optimistic Stochastic Gradient|Better Understanding|Generative Adversarial Nets|optimistic Adagrad
Hkx6hANtwH,
r1xPh2VtPB,MERL
Sylgsn4Fvr,MRF|box algorithm|Adversarial Variational Inference|variational distribution
rJeINp4KwH,Parallel Policy Search|Reinforcement Learning|RL
SJxSDxrKDr,adversarial training|training method|provable defense|present COLT
r1eowANFvr,fast adaptation|Meta Learning
BkgrBgSYDS,learnable representation|Structured Linear Maps
SJgdnAVKDH,parallel datum
HJgSwyBKvr,weak supervision method|disentanglement guarantee|Weakly Supervised Disentanglement|controllable machine learning
HkejNgBtPB,VTM
HkgsUJrtDB,R√©nyi Fair Inference
HkgaETNtDB,effective regularization|downstream task|BERT|GLUE
Bke89JBtvB,CIFAR-10
BJlBSkHtDS,Pad√© Activation unit|Flexible Activation Functions|end learning|good activation
BJl-5pNKDB,GAIL|Generative Adversarial Imitation|reinforcement Learning|RL
rklbKA4YDS,Neural DAG|novel score|acyclic graph|observational datum
H1xPR3NtPB,trained lm|Strong Baselines|adverb phrase|Grammar Induction
SkxLFaNKwB,CR|NAS|COCO AP|PASCAL VOC
r1eBeyHFDH,mutual information|new framework|Usable Information|complex system
B1lLw6EYwB,Aware Mitigation|GA|ASGD|CIFAR
B1x6BTEKwr,loss surface
Hkl9JlBYvr,variational Bayes|unknown environment|good method|environment state
Skep6TVYDB,gradientless descent|dimensional Zeroth|Order Optimization|GLD
B1gX8kBtPr,Universal Approximation Theorem|neural network|relu network|Certified Networks
S1g8K1BFwS,Knowledge graph|Platt scaling
rkenmREFDr,NNS|Neural LSH|Neural Locality|sensitive Hashing
rkllGyBFPH,neural network|Wide Neural Networks|Neural Tangent Kernels|Order Approximation
SkxybANtDB,DTLR problem|Lag Regression|DTLR differ|Dynamic Time
BJxVI04YvB,PAC confidence set|PAC guarantee|generalization bound|true label
SyevYxHtDB,prediction poisoning
rklTmyBKPH,Parameter Remapping|FNA|Architecture Search|DPC
BJl2_nVFPB,unlabelled datum|new class|Ranking statistic|new visual Categories
rygwLgrYPB,Huber loss|Wasserstein metric|Wasserstein distance|L^1
BJgNJgSFPS,SOV
HJgC60EtwB,Robust Reinforcement|Continuous Control|MPO|https://sites.google.com/view/robust-rl
H1l_0JBYwS,spectral embedding|regularization technique|complete graph regularization|popular technique
BkluqlSFDS,edge device|Matched Averaging|LSTM architecture|deep CNN
SklOUpEYvB,ELBO
ryxjnREFwH,Neural Symbolic Reader|Symbolic Representations|complex reasoning|scalable integration
H1lZJpVFvr,Adversarial Training|RBS|Random Block Shuffle|RLFAT
HJeVnCEKwH,close look|generative modeling|GAN training|LSSP
BygXFkSYDH,Embedding Autoencoders|Supervised Representation Learning|TEA
Skgy464Kvr,Adversarial image|input image|Conditional Capsule Reconstructions|target class
SJxSOJStPr,CN|DPM
HyxJhCEFDS,ResNet-152|ResNet-638
rJx4p3NYDB,vanilla CFR|CFR algorithm|sum extensive game|game tree
BkglSTNFDB,reinforcement learning|UCB Exploration|free algorithm|exploration bonus
r1xMH1BtvB,Text Encoders|MLM|MASK|GPU
HJgpugrKPS,scale equivariance|equivariant steerable network|equivariant convolutional network|steerable filter
BJgnXpVYwS,theoretical Justification
S1esMkHYPr,
BJxsrgStvr,EB ticket|bird ticket|Deep network
rygG4AVFvH,adaptive Code Optimization
r1x0lxrFPS,Coupling Binary Activations|Binary Neural Networks|Gradient Mismatch
SJeD3CEFPH,reinforcement learning|art meta|train rl policy|policy algorithm
rygfnn4twS,weight kernel|DDPG
BkgzMCVtPB,Generative Attacks
r1g6ogrtDr,Transformations Co|MNIST|cifar-10
r1gelyrtwH,PA|DGN
HylpqA4FwS,Equilibrium Manifold|Exploding Gradients|LTD
HygrdpVKvr,Neural Architecture Search|Convolutional Neural Networks
HJxEhREKDH,global Convergence|GD|SGD|l$-hidden
S1g2skStPB,Reinforcement Learning|Causal Discovery|Directed Acyclic Graph|DAG
HJxrVA4FDS,horizontal connection|gestalt cue
S1xtORNFwH,Filter Summary CNNs|Neural Architecture Search
ryenvpEKDr,scale model|exact model|model type|datum scale
BkxXe0Etwr,caql method|q problem|q solution|CAQL
rkg-mA4FDr,training task|scale Retrieval|Transformer model|BM-25
rkeiQlBFPB,Warped Gradient Descent
BkgYPREtPr,physical system|hamiltonian function|observed trajectory|neural network
Syx79eBKwr,Language Representation Learning|BERT
HJlfuTEtvB,continuous Logic Networks
Hye_V0NKwr,representation learning|Shot learning|Zero Shot|recent work
rkl3m1BFDB,deep RL|Counterfactual Analysis|RL environment|derived explanation
BkepbpNFwr,IDA|Progressive Memory Banks|NLP|RNN
SkxxtgHKPS,Generalization Error Bounds
ByexElSYDr,Fair Federated Learning|heterogeneous network|federated network|wireless network
rJld3hEYvS,optimal rank|reinforcement learning|optimal policy|Sample inefficiency
Hyx-jyBFPr,SVHN
rylnK6VtDH,
HyxnMyBKwB,
BylQSxHFwr,
S1xitgHtvS,RL problem|RL agent|statistical estimation
H1lmyRNFvr,deep Neural network|neural network|optimization problem|machine learning technique
SJg7spEYDS,generative quality|critic network|GRAM network|effective method
Sklgs0NFvr,
rygeHgSFDH,Nonlinear ICA|general incompressible|GIN|EMNIST
SJgzLkBKPB,Focused Feature Saliency|RL|Space Invaders
HklRwaEKwB,ridge regression|regularization parameter|true parameter|fundamental problem
HkgsPhNYPS,Filter Noisy Labels
r1evOhEKvH,Graph Inference Learning|supervised classification|GIL|NELL
rkeJRhNYDH,LPA|BERT|LISP|ENTAILED
rylVHR4FPB,free learning|bayesian learning|differentiable learning|model parameter
rJlUt0EYwS,NL explanation|Neural Execution tree|NLP task
rygjmpVFvB,unseen datum|sample generation|Generative Adversarial Network|supervised learning
BJeS62EtwH,deep neural network|knowledge distillation|network compression|generic definition
H1x5wRVtvS,GAN image generator|Joint image|text modeling|text multi
r1e_FpNFDr,generalization error|training loss|initial weight|Lipschitz constant
BJlrF24twB,batch gradient
HyxjNyrtPr,rgbd image synthesis|2d image|natural image dataset|RGBD
HyeSin4FPB,Differentiable Physics
BkevoJSYPB,Blackbox Combinatorial Solvers
BJlS634tPr,DARTS|Partial Channel Connections|Efficient Architecture Search|GPU
S1eZYeHFDS,deep learning|neural network|Symbolic Mathematics|approximate problem
BJedHRVtPB,autonomous driving
rJx1Na4Fwr,MACER algorithm|robust model|Scalable Robust Training|Certified Radius
ByeGzlrKwH,compressed network|classical approach|unified frame
HyeYTgrFPB,rigorous experiment|evaluation performance|semantic unit|alternative approach
H1gBsgBYwH,asymptotic viewpoint
SygW0TEFwH,Box Attacks
SklD9yrFPS,Neural Tangents|Neural Tangent Kernel|CPU|GPU
rylJkpEtwS,continuous environment|innate understanding|stochastic process|asymmetric progression
ryeYpJSKwr,Learning Acquisition Functions|AF
HkgrZ0EYwB,point Cloud Completion|scan completion|training datum|synthetic datum
rkeIIkHKvS,graph datum|real graph|GNN framework|GNN model
SyljQyBFDH,Deep energy|Memory Models
BJe-91BtvH,separate content|separate part|content translation|unsupervised manner
H1exf64KwH,POPLIN|PETS|TD3|SAC
S1gmrxHFvB,test distribution|training distribution|Simple Data|high accuracy
rkeS1RVtPS,cyclical SG|Bayesian Deep Learning|high dimensional|bayesian inference
HJe_Z04Yvr,adjustable real|content image|adjustable parameter|time Style Transfer
SJxstlHFPH,differentiable Reasoning|KB|MIPS|BERT
rJe4_xSFDB,constant estimation|\ell_\infty$-Lipschitz constant|optimization problem|sparse connectivity
HJgK0h4Ywr,disentangled representation|robust metric|Evaluation Metrics|unsupervised method
BJgQ4lSFPH,Language structure|Deep Language Understanding|NLU task|BERT
BylsKkHYvH,Sparsity Bias|Sparsity Normalization|performance degradation|suboptimal performance
HJx-3grYDB,decomposable Value Functions|decomposable q|NDQ|QMIX
SJeLIgBKPS,Gradient Descent|MNIST
r1g87C4KwB,early phase|loss surface|SGD
HJgfDREKDB,
BJxWx0NYPr,GAT|ADSF
r1gdj2EKPB,Additive Parameter Decomposition|adaptive parameter|APD
HyxY6JHKwr,loss function|multiple model|conditional Training|Deep network
rJgJDAVKvB,\emph{Neural Exploration|Exploitation tree|prior experience|RRT
rJg76kStwH,Markov Logic Networks|MLN
rJxWxxSYvB,MNIST|cifar-10
BJg4NgBKvH,binary convolution|CIFAR-100|https://github.com/brais-martinez/real2binary
B1esx6EYvr,supervision technique|single image|popular self|convolutional network
H1gBhkBFDH,Spline CNNs
S1l8oANFDH,Programmatic Policies|deep reinforcement learning|arbitrary number|novel environment
BygzbyHFvB,Enhanced Adversarial Training|Natural Language Understanding|ARC|BERT
Hyg96gBKPS,Monotonic Multihead attention|multiple attention|target sequence|source sequence
SJgob6NKvH,environment observation|language goal|reinforcement learning|RTFM
rkgNKkHtvB,large Transformer model|Efficient Transformer|long sequence|art result
BkxfaTVFwH,GENESIS|Generative Scene Inference|Centric Latent Representations|IODINE
ryx1wRNFvB,
ryxz8CVYDH,l2l framework|order Oracle
HyeJf1HKvS,soft correspondence
SkxBUpEKwH,controllable model|Controllable Characters|current pose|new pose
HJgLLyrYwB,imitation learning|IL algorithm|MDP|Markov Decision Process
ByeUBANtvB,
rkgqN1SYvr,provable Benefit
Hke0V1rKPS,Jacobian Adversarially|adversarial training|JARN|cifar-10 dataset
rJeXS04FPH,Neural Sequence modeling|Penn Treebank|WikiText-103|AWD
rkgU1gHtvr,mixture policy|EMP
SJxbHkrKDH,Agent Reinforcement Learning|EPC|MADDPG
ryxOUTVYDH,deep neural network|robust training|novel training method|perturbed network
B1e-kxSKDH,Structured Object|Aware Physics Prediction|Video Modeling|STOVE
BJg1f6EFDB,attention weight|token embedding|contextual embedding|Transformer architecture
Hkx1qkrKPr,Node Classification
B1gdkxHFDH,fair ML model|machine learning model|sensitive subspace robustness|ML task
SkeAaJrKDS,free q|new q|Carlo tree search|value estimate
r1etN1rtPB,implementation Matters|PPO|Proximal Policy Optimization|TRPO
rkgbYyHtwB,imitation learning|effective algorithm|RL|atari environment
BJxwPJHFwS,neural network|previous work|important tool|safety guarantee
rkg6sJHYDr,motivated Discovery|Diverse Patterns|organizing Systems|GOL
rJgUfTEYvH,Conditional Flow|Stochastic Video Generation
B1evfa4tPB,Neural Network Branching|Neural Network Verification
B1gZV1HYvS,agent system|correlated policy|art multi|decentralized Adversarial Imitation
HkxYzANYDB,collision event|Video Representation
rkgfdeBYvH,minimum eigenvalue|Activation Functions|Overparametrized Neural Nets
Sye57xStvB,Directed Exploration Strategies
BJeB5hVtvB,DBLE|Confidence Calibration|DNN architecture
SJxhNTNYwB,Transferable model|MNIST|CIFAR10
rkgg6xBYDH,new generalization|generalization performance|generalization bound|Rao norm
r1eIiCNYwS,XH well|extra Hop attention
S1e4jkSKvB,module criticality|module parameter|deep neural network|deep network
HJenn6VFvB,Hamiltonian Generative Networks|hamiltonian formalism|hamiltonian dynamic|HGN
HkxCzeHFDB,functional regularisation|Continual Learning|CL
BkgWahEFvr,random transformation|adversarial image|clean image|Distribution Classifier
SJx1URNKwH,shot video
Hklr204Fvr,Deep Network Architecture|FGL|novel feedforward layer|Grouping Layer
BJlzm64tDH,Language model|Weakly Supervised Knowledge|FIGER
HklkeR4KPB,supervised learning algorithm|Distribution Matching|marginal distribution|new algorithm
BJlQtJSKDB,MCTS|simple approach|WU
SygWvAVFPr,
HkgTTh4FDH,Implicit Bias|Adversarial Training|Separable Data
BJlRs34Fvr,Adversarial example|SGM|excitation Network
B1l2bp4YwS,graph neural network|graph size|seminal result|expressive power
B1eyO1BFPr,large Mini|Use local SGD|\emph{local SGD
BJgd81SYwr,Meta dropout|training example|low error|Perturb Latent Features
BJl6bANtwH,local second|model class|Detecting Extrapolation|test time
rylwJxrYDS,style self|discrete representation|discrete input|dense representation
rkxxA24FDr,program memory|new memory|current memory|Neural Stored
SkeFl1HKwr,Empirical Studies|Linear Regions|DNN|input space
B1gqipNYwH,construct skill|Option Discovery|deep neural network|new algorithm
rkxoh24FPH,Mutual Information Maximization|MI|Representation Learning|mutual information
B1lj20NFDS,heterotopic datum|VAE|multivariate intensity|collaborative filtering
SJlVY04FwH,convergence rate|Gradient Methods|max formulation|gradient algorithm
BJgza6VtPB,NLG
S1erpeBFPB,NAS|Spare Time|Machine Learning
BJe1334YDH,CVRP|Iterative Method|Classical Operations Research|LKH3
rJxX8T4Kvr,distributed SGD|Stochastic Gradient Descent|PS|RL
B1lJzyStvS,energy consumption|Appliance Usage
Hye1RJHKwB,Factorised Discriminators
HkxjqxBYDB,Episodic Reinforcement|Associative Memory|Sample efficiency|successful policy
Bkxe2AVtPS,point format|Deep Neural Networks|Precision Training|FP8
HJgEMpVFwB,adversarial policy|RL agent|dimensional environment|Deep Reinforcement
HJem3yHKwH,precision model|deep Neural network|Adversarial attack|MNIST
HkxARkrFwB,Quantum Entanglement
BJgy96EYvr,Agent Exploration|EITI
Byl5NREFDr,BERT|Sesame Street
SkxpxJBKwS,Emergent Tool Use|agent competition|Agent Autocurricula
ryeHuJBtPH,SAGNN applicable
Bke_DertPB,Adversarial Lipschitz Regularization|Wasserstein gan|sample quality|virtual Adversarial Training
rylHspEKPr,simple property|input type œÑ_in|output type|output list
rJgzzJHtDB,adaptive Inference|RDI
H1lNPxHKDH,layer relu network|Function Space View|tight characterization|univariate characterization
rkgOlCVYvB,functional space|linear map|determinantal variety|Geometric Study
SkeIyaVtwB,online method|continuous state|reinforcement learning|cover time
H1ldzA4tPr,
rklk_ySYPB,provable robustness guarantee|robust model|l_p$-perturbation model|adversarial attack
SklGryBtwr,environmental driver|3d Unity|AI
HkgH0TEYwH,Anomaly detection|Deep Semi|Deep SAD|MNIST
BkgnhTEtDS,Feature Interaction Interpretability|Neural Interaction Detection|Recommendation Systems|click prediction
B1gF56VYPH,deep 3d Pan|SOTA|KITTI|RMSE
SJeqs6EFvB,learning graph transformation|graph structure|Javascript program|DETECT
BklEFpEYwS,
r1lOgyrKDS,Monte Carlo|MC rollout
S1gFvANKDS,wide Networks|asymptotic behavior|Feynman Diagrams|training dynamic
SJxWS64FwH,Homotopy Dictionary Learning|ALISTA
rJgqMRVYvr,federated learning|private Meta|parameter transfer|private algorithm
H1e0Wp4KvH,
B1g8VkHFPH,
rJxycxHKDS,different domain|different sequence|great flexibility|high accuracy
ryxdEkHtPS,empirical behavior|conceptual framework|value prediction|close look
rkeNfp4tPr,Stochastic Momentum|ADAM
rJeqeCEtvH,supervised Generative modeling|partial supervision|Controllable Speech Synthesis|art baseline
rke3TJrtPS,constraint violation|constraint set|step process|iterative method
HJeqhA4YDS,Convolutional Neural Networks|Convolutional Generators|Structural Bias
S1evHerYPr,algorithm MetaGenRL|rl algorithm|recent meta|Meta Reinforcement Learning
HJe6uANtwH,capsule network|product attention routing|Layer normalization|powerful CNN
HJeOekHKwr,GAN variant|generative adversarial network|gradient descent|gradient penalty
HyebplHYwB,Intrinsic Distance|Wasserstein inter
Syx4wnEtvH,LARS|LAMB
S1ltg1rFDS,Horizon Reinforcement Learning
SJlh8CEYDB,neural Logic inductive|NLIL|Visual Genome|M entity
rkl8sJBYvH,data task|Wide Deep Nets|Random Forests|RF
r1gixp4FPH,Nesterov SGD|ordinary SGD
BJxH22EKPS,NAS algorithm|Understanding Architectures Learnt|fast convergence|image classification
SJeQEp4YDH,
rkl03ySYDH,Scene Representation|SPACE|Spatial Attention|SPAIR
HkldyTNYwH,OT map|OT model|AE|DISCRETE OPTIMAL transport
B1xm3RVtwB,Agent Reinforcement Learning|reinforcement Learning|Deep Multi|AI
r1xCMyBtPS,multilingual BERT|multilingual Alignment|alignment procedure|BERT exhibit
Skey4eBYPS,Neural Process family|translation equivariance|spatial datum|new member
SJgVHkrYDH,Reasoning Paths|Question Answering
rke-f6NKvS,Value Functions|correctable Policies|algorithm Value Iteration|Negative Sampling
ByxRM0Ntvr,sequence function|Transformer model|attention layer|NLP task
H1guaREYPr,generation network|end Fully Self|inference network|Human Face
Byg1v1HKDB,Abductive Commonsense Reasoning|ART
SygKyeHKDH,efficient use|R2D3|variable initial condition|observable environment
ByxY8CNtvr,Recent Transformer|Neural Language Generation|Spectrum Control|BERT
Hkx7_1rKwS,local minimax|Solving Minimax Optimization|gradient descent|Ridge Approach
Bke8UR4FPB,constant network|relu network|deep network|wise linear
Bylx-TNKvH,relu network|network intact|neural network|parametric equivalence
rylb3eBtwr,RSR layer|underlying subspace|Unsupervised Anomaly Detection|neural network
Hklz71rYvS,Wasserstein metric|probability distribution|Kernel Hilbert Space
rJeQoCNYDS,RL
rkxDoJBYPB,Genetic Algorithm|early learning|execution cost|optimizer offline
HklSeREtPB,
SkxJ8REYPH,
HJepXaVYDr,stochastic AUC Maximization|Polyak-\L{}ojasiewicz
HJgBA2VYwH,set encoder|Set representation|simple dataset|toy dataset
rkxs0yHFPH,equivalent Computation Model|ANN|Implementing Backpropagation|MNIST
HkePNpVKPB,compositional language|simple one|ended set|limited vocabulary
H1gmHaEKwB,Independent Neural Pruning|approximation error|MNIST
BJxSI1SKDH,Latent Morphology Model
rJgQkT4twH,Video Feature|SVM|Stream cnn|support vector machine
SylO2yStDr,structured dropout|question answering
ByxdUySKvS,datum augmentation|DA
HkeryxBtPB,Margin Adversarial|decision boundary|CIFAR10 dataset|MNIST
BJlahxHYDS,conservative Uncertainty estimation|random prior|Prior Networks|distribution detection
SylzhkBtDB,Information Transfer|BERT LARGE|SVD
Hyl7ygStwB,BERT
BJx040EFvH,PGD
rkg-TJBFPB,intrinsic reward|Rewarding Impact|RIDE
ryeFY0EFwS,Deep learning community|open question|Understanding Generalization|neural network
rkecJ6VFvr,product attention|dimensional attention|tensor product|entity representation
ByeWogStDS,policy adaptation|sites.google.com/view/hippo-rl
H1lxVyStPH,visual Recognition
HygpthEtvr,nonsmooth regularization|NN|interval constraint|specific structure
B1xwcyHFDr,robust representation|representation learning|View Information Bottleneck|MIR
Bkeeca4Kvr,graph spectral MEASURES
Syg-ET4FPS,agent system|PSRL|imperfect information|TEGI
rygjHxrYDB,Deep Audio prior|Harmonic Convolutional Networks|audio signal
H1enKkrFDB,Bartlett et al|Improved Generalization|SRN|VGG
ryxnY3NYPS,future trajectory|Diverse Trajectory Forecasting|Determinantal Point|DPP
Hke0K1HKwr,dialogue Holl|SKT
rkecl1rtwB,GAT
SyxV9ANFDH,Nonlinear Granger Causality|SRU network|MLP|LSTM
ryxgsCVYPr,Machine Reading Comprehension|Answerability Prediction|MRC model
r1eiu2VtwH,NODE architecture|NLP
B1x6w0EtwH,KG
HyxG3p4twS,Reliable Photo Authentication|Lossy Representations|JPEG|QF
ByxtC2VtPB,adversarial example|adversarial perturbation|adversarial robustness|input example
SygXPaEYvH,VL|linguistic BERT|generic visual|linguistic representation
BJliakStvH,Inverse Reinforcement Learning|Markov Decision Processes|MDP
HJlnC1rKPB,attention layer|CNN layer|vision task|recent trend
rylBK34FDS,Sparser Neural Network|Invariant Sparsity Measures|Differentiable Scale|Hoyer measure
Hkekl0NFPr,Conditional Learning|novel algorithm|demographic parity|key component
SylVNerFvr,Permutation Equivariant Models|sequence model|novel sentence|main contribution
Hyl9xxHYPr,Demystifying Inter|Class Disentanglement|Representation Disentanglement|key task
BkeWw6VFwr,top-$k$ prediction|randomized Smoothing|k Predictions|gaussian noise
BJge3TNKwH,Cramer Synaptic Consolidation|Elastic Weight Consolidation|EWC|SCP
rJeg7TEYwB,Graph Scattering Transforms
BJgZGeHFPH,action embedding|Aware embedding|sample efficiency|efficient policy learning
HygOjhEYDH,free learning|event time|irregular interval
HJlA0C4tPS,Probabilistic Formulation|HMM
H1lj0nNFwB,incremental learning|surprising generalization|Implicit Bias
HklxbgBKvr,PPO|RL
SyxrxR4KPS,
BkxSmlBFvr,
Byg5ZANtvH,Geometric Approach
rkgvXlrKwH,SEED RL|efficient Deep|Accelerated Central Inference|Atari-57
rkgt0REKwS,CL
HJeO7RNKPr,depth estimation|differentiable Structure|classical geometric algorithm|motion estimation
S1ly10EKDS,vanilla TD|VRTD
B1lPaCNtPB,standard GAN|adversarial learning|multiple angle|new perspective
BJluxREKDB,efficient heuristic|handwritten heuristic|reasoning algorithm|search algorithm
BJl07ySKvS,program output|truth program|output example|Generate example
B1gskyStwr,
rye5YaEtPr,Adam algorithm|strong convexity|Strongly Convex Functions|T)$ regret
ryxQuANKPB,collaborative dialog|dialog history|collaborative Dialog Systems|strategic Dialog history
BkxUvnEYDH,Program Guided Agent|formal language|multitask policy|research direction
H1edEyBKDS,Play Language Models|simple Approach|LM|PPLM
HkgsWxrtPB,Meta Reinforcement|Subtask Graph Inference|Autonomous Inference|Subtask Dependencies
rygixkHKDH,Geometric Analysis|Overcomplete Learning|datum analytic|past decade
SJxUjlBtwB,3d structure|EM image
H1lK_lBtvS,set method|fundamental problem|General Data|artificial intelligence
Byg9A24tvB,Softmax Cross|Adversarial robustness|MMC loss|SCE loss
rJehNT4YPr,Comparing Classifiers|https://github.com/TAMU-VITA/MAD
BJgr4kSFDS,KG entity|Knowledge Graphs|Box Embeddings
SkxQp1StDH,global minimization|linear way|measurable space|extensive experiment
rkgAGAVKPr,diverse dataset|new class|new benchmark|new set
BygSP6Vtvr,single model|Prior Networks
rkeZIJBYvr,distribution task|unseen task|task relatedness|Bayesian Meta
r1lZ7AEKvB,Logical Expressiveness|FOC2 classifier|WL test
r1gRTCVFvB,Decoupling Representation|LT|head-|https://github.com/facebookresearch/classifier-balancing
SkeyppEFvS,
B1l8L6EtDS,novel self|adversarial learning|text quality|real sample
HkxdQkSYDB,agent environment|mutual interplay|relation representation|relation kernel
r1lL4a4tDB,po task|RL algorithm|VRM
B1xIj3VYvr,clustering framework|individual instance|Unet model
SklTQCNtvS,efficient Sign|OPT attack|label Adversarial Attack|OPT approach
SJlRUkrFPS,OT|SI
HJli2hNKDH,observational overfitting|major component|Markov Decision Process|general framework
ryxWIgBFPS,transfer Objective|Disentangle Causal Mechanisms
SJetQpEYvB,neural code fusion|learning execution|Neural Networks
SJlKrkSFPH,DIVERGENCES|ROBUSTNESS CERTIFICATION
r1ecqn4YwB,N|BEATS
SJgwzCEKwH,
B1eY_pVYvB,Reversible Network|KITTI|Moving MNIST
Sye_OgHFwH,Adversarial Examples|semantic manipulation|MSCOCO
S1lOTC4tDS,complex behavior|latent imagination|computation time|final performance
HklBjCEKvH,
rklOg6EFwS,final robustness|DNN robustness|MART
Hyg9anEFPS,dependent effect|GAN|Neural Object Rendering
BJeGlJStPr,Asynchronous Architectures|Clipped Target Networks|IMPALA
Bkg0u3Etwr,Maxmin Q|learning variant|learning framework|overestimation bias
H1gzR2VKDH,Horizon task|Hierarchical Foresight|visual Subgoal Generation|HVF
Sye0XkBKvS,spectral discretization|neural ode|ODE|Net dynamic
rylrdxHFDr,imitation learning method|State Alignment|standard imitation|novel state alignment
BJxG_0EtDS,Linear control
rJg8TeSFDH,Batch Normalization|SGD|Group Normalization(Wu
rJeB36NKvB,absolute position information|neural network|local filter|finite spatial extent
rJgsskrFwH,Autoregressive video Models
r1lfF2NYvH,Mutual Information Maximization
ryeG924twB,deep Multi|Agent Reinforcement Learning|MARL
SJx0q1rtvS,outlier detection|novelty detection|differential privacy|poisoning sample
rkl8dlHYvB,3d part
SJeY-1BKDS,Dictionary learning|SDL|ICA|\ell^4$-maximization
ByeMPlHKPH,Lite Transformer|Evolved Transformer|Short Range attention|M Mult
S1efxTVYDr,Language Generation
B1xMEerYvB,smooth market|player game|recent algorithm|basic mechanism
SylOlp4FvH,policy Maximum|Atari-57
ryxC6kSYPr,MPC solution|DARE
BylVcTNtDS,deep Models
SJem8lSFwB,dynamic model|dynamic allocation|end device|additional overhead
B1lGU64tDr,SSM|Stochastic Multi|Object Systems
SJeq9JBFvH,large pre|DPS|MNIST
rkeuAhVKvB,Graph Neural Networks|DPMPN
Hklso24Kwr,deep learning|adaptive Weights|CLAW|catastrophic forgetting
H1e_cC4twS,DST|NADST
ryx6WgStPB,Thompson sampling|guide exploration|computational cost|epistemic uncertainty
SylKikSYDH,Compressive Transformer|Range sequence modelling|range sequence learning|attentive sequence model
SJe5P6EYvS,LSTM context|Mogrifier LSTM|Natural Language Processing|Term Memory
BkxRRkSKwr,phrase composition|Hierarchical Importance Attribution|Neural Sequence Models|SOC
H1loF2NFwr,NAS search phase|Neural Architecture Search|NAS strategy|NAS candidate
rygGQyrFvH,Neural Text degeneration|curious Case|Nucleus Sampling
S1lSapVtwS,basis decomposition
HygnDhEtvr,QG|sequence Model
rklnDgHtDS,language learning|catastrophic forgetting|significant improvement|research effort
S1lxKlSKPH,Generative Adversarial Networks|CIFAR-10|CR|ImageNet-2012
ryxGuJrFvS,Robust Neural Networks
SylkYeHtwr,Log Marginal Probability|SUMO|infinite series
ryebG04YvB,datum scarcity|scale training|training end|target domain
rJlnxkSYPS,supervised model|supervised learning|high accuracy pseudo|high quality pseudo
S1xKd24twB,Sparse Rewards|GAIL
HkxQRTNYPH,translation direction|language model|language pair|generative NMT
rJehVyrKwH,network output|domain input|CPU|Neural Networks
rkgyS0VFvr,DBA|Distributed backdoor Attacks|Federated Learning
HygegyrYwH,
SJleNCNtDH,https://sites.google.com/view/iclr2020-synergistic
B1eWOJHKvB,
SJxpsxrYPS,progressive learning|HIERARCHICAL REPRESENTATIONS|VAE
HkgeGeBYDB,space activation value|input space|autoencoder reconstruction|corresponding reconstruction
HJxV-ANKDH,efficient riemannian Optimization|Cayley SGD|Cayley ADAM|Stiefel manifold
BygdyxHFDS,
H1lma24tPB,Principled Weight Initialization|Bayesian deep learning|extensive application|correct scale
SkgscaNYPS,asymptotic spectrum|gradient descent|Neural Tangent Kernel|NTK
HJx81ySKwr,
HyxJ1xBYDH,Data Stream Algorithms
r1e9GCNKvH,recurrent Neural Networks|shot pruning|Jacobian Spectrum Evaluation|LSTM
ByeNra4FDB,OOD detector|OOD datum|novel RND|Random Network Distillation
SJx-j64FDr,SAT solver
S1xFl64tDr,interpretable Complex|input attribute|original input|layer feature
Syx7A3NFvH,agent Reinforcement
rklp93EtwH,Automated Relational Meta|learning method|ARML
BygFVAEKDH,NAT model|NAT training|Understanding Knowledge Distillation
Bkl5kxrKDr,Generalized Training Approach|Nash equilibrium|Multiagent Learning|Spaced response Oracles
B1lnbRNtwr,Global Relational Models|Source Code|Graph Sandwiches
H1gax6VtDB,
Hyg-JC4FDr,Policy distribution Matching|distribution matching|policy datum|expert demonstration
HklQYxBKwS,universal approximation|NTK regime|Fourier transform
rkxZyaNtwB,Lipschitz continuity|Lipschitz framework|loss function|riemannian approach
SJlHwkBYDH,Nesterov Accelerated Gradient|Adversarial attack|Scale Invariance|NI
SygagpEKwB,Disentangling factor
SkgC6TNFvr,
HJgcvJBFvB,simple technique|Deep Reinforcement|Network Randomization
Hkem-lrtvH,BayesOpt Adversarial Attack
ryghZJBKPS,Diverse Gradient Embeddings|new algorithm|BADGE
r1xGnA4Kvr,MNIST|CUB200
H1lBj2VFPS,precision Integer Hardware|Neural Networks|YOLO
rJljdh4KDH,Spatial Feature Distributions|Grid Cells|Nobel Prize
BygPO2VKPH,code component|Gated Learned ISTA|LISTA|gain gate
rkgpv2VFvr,Task Deep Reinforcement|Reinforcement Learning algorithm|single task|task setting
HJlxIJBFDr,recursive variance reduction|reinforcement learning|research problem|SRVR
BJgMFxrYPB,Affordance Maps
Syx1DkSYwB,Sparse Gradients|SVRG|SGD
SyxL2TNtvr,disentangled representation|Unsupervised Model Selection|Variational Disentangled Representation|datum efficiency
Byx_YAVYPH,
B1lDoJSYDH,convolutional network|network architecture|previous approach|new type
Skxd6gSYDS,DNN model|efficient Meta Attack|Deep Neural Networks|imagenet demonstrate
BJxt60VtPr,unlabelled video
HyevIJStwH,large GSNR|Neural network
ByxQB1BKwH,Abstract Diagrammatic Reasoning|Multiplex Graph Networks|Diagram Syllogisms|PGM
HkxBJT4YvB,disentangled Representations|treatment effect|CounterFactual Regression|outcome Y.
SkeuexBtDr,rule Generalizing|denoised rule|human supervision|exemplar supervision
Hyx0slrFvH,good parametrization|training method|size constraint|CIFAR-10
S1ldO2EFPr,Graph Neural Networks|Graph Convolutional Network|graph nn|expressive power
S1e_9xrFvS,protein design|protein datum|atomic scale|EBM
BylA_C4tPr,
SJgaRA4FPH,decentralized dataset|effective ML
Sklf1yrYDr,Efficient ensemble|lifelong learning|alternative Approach|EN
SJxzFySKwH,node embedding|Positional Node Embeddings|invariant theory|matrix factorization
rJxbJeHFPS,Neural network reason|Graph Neural Networks|DP
S1eALyrYDH,RNA base|deep architecture|inherent constraint|key idea
Skln2A4YDB,current model|critic fashion
S1xnXRVFwH,RL).For NLP
B1x62TNtDS,variational approach|variance reduction|MI|neural network
Hkl1iRNFwS,early phase|early iteration|Frankle et al|Ari et al
SyxIWpVYvr,distribution detection|promising resource|training datum
SkgGjRVKDS,Batch Statistics|MABN|COCO|https://github.com/megvii-model/MABN
HJxR7R4FvS,new method|critic network|new list|actor network
HJlSmC4FPS,interpretable blind image
SJgwNerKvB,continual learning
SJgIPJBFvH,Fantastic Generalization Measures|motivated measure|deep network|generalization bound
SJxDDpEKvH,deep generative model
HyxjOyrKvr,Neural Epitome Search|Agnostic Network Compression|Model Compression|AMC
HyxLRTVKPH,Budgeted Training|MS COCO
Hkx7xRVYDr,Stay Storage Assignment|Storage assignment|United States|CNN
BJe8pkHFwS,Graph Convolutional Networks|PPI
SJgndT4KwB,network depth|Width Corrections|NTK|precise scaling
BJgQfkSYDS,optimal policy|stationary point
Ske31kBtPr,Mathematical Reasoning|approximate reasoning|Latent Space
HJg2b0VYDr,active learning|Efficient Data Selection|Amazon Review Polarity|SVP
r1eyceSYPr,Training Energy
Hkxzx0NtDB,hybrid model|joint distribution|distribution detection|unnormalized value
HygsuaNFwr,order graph|Order Learning|input instance|object instance
Hke-WTVtwr,NLP|CNN|RNN
S1e2agrFvS,GCN
Skxuk1rFwB,efficient Training|CROWN|MNIST|CIFAR-10
ryxmb1rKDS,symplectic ODE
SkxSv6VFvS,deformable Kernels|ERF
rJeW1yHYwH,inductive representation
rylvYaNYDH,
B1gHokBKwS,dimensional function|bayesian optimization|dimensional manifold|Random search
rkxawlHKDr,polygon shape|input image|aerial image|differentiable rendering
HJgLZR4KvH,Aware Discovery|DADS
